Op Name,Seq
,
Pr,Prseq
psbA,ATTTAGCGTCTTCTAATCCAGTGTAGACAGTAGTTTTGGCTCCGTTGAGCACTGTAGCCTTGGGCGATCGCTCTAAACATTACATAAATTCACAAAGTTTTCGTTACATAAAAATAGTGTCTACTTAGCTAAAAATTAAGGGTTTTTTACACCTTTTTGACAGTTAATCTCCTAGCCTAAAAAGCAAGAGTTTTTAACTAAGACTCTTGCCCTTTACAACCTC
,
RBS,RBSseq
S3,AGTCAAGTAGGAGATTAATTCAATG
A,AACAAAATGAGGAGGTACTGAGATG
E,TAACTTTATTCGCAGGGGGAAGATG
,
GOI,GOIseq
adh,ATGCATATTAAAGCCTACGCTGCCCTGGAAGCCAACGGAAAACTCCAACCCTTTGAATACGACCCCGGTGCCCTGGGTGCTAATGAGGTGGAGATTGAGGTGCAGTATTGTGGGGTGTGCCACAGTGATTTGTCCATGATTAATAACGAATGGGGCATTTCCAATTACCCCCTAGTGCCGGGTCATGAGGTGGTGGGTACTGTGGCCGCCATGGGCGAAGGGGTGAACCATGTTGAGGTGGGGGATTTAGTGGGGCTGGGTTGGCATTCGGGCTACTGCATGACCTGCCATAGTTGTTTATCTGGCTACCACAACCTTTGTGCCACGGCGGAATCGACCATTGTGGGCCACTACGGTGGCTTTGGCGATCGGGTTCGGGCCAAGGGAGTCAGCGTGGTGAAATTACCTAAAGGCATTGACCTAGCCAGTGCCGGGCCCCTTTTCTGTGGAGGAATTACCGTTTTCAGTCCTATGGTGGAACTGAGTTTAAAGCCCACTGCAAAAGTGGCAGTGATCGGCATTGGGGGCTTGGGCCATTTAGCGGTGCAATTTCTCCGGGCCTGGGGCTGTGAAGTGACTGCCTTTACCTCCAGTGCCAGGAAGCAAACGGAAGTGTTGGAATTGGGCGCTCACCACATACTAGATTCCACCAATCCAGAGGCGATCGCCAGTGCGGAAGGCAAATTTGACTATATTATCTCCACTGTGAACCTGAAGCTTGACTGGAACTTATACATCAGCACCCTGGCGCCCCAGGGACATTTCCACTTTGTTGGGGTGGTGTTGGAGCCTTTGGATCTAAATCTTTTTCCCCTTTTGATGGGACAACGCTCCGTTTCTGCCTCCCCAGTGGGTAGTCCCGCCACCATTGCCACCATGTTGGACTTTGCTGTGCGCCATGACATTAAACCCGTGGTGGAACAATTTAGCTTTGATCAGATCAACGAGGCGATCGCCCATCTAGAAAGCGGCAAAGCCCATTATCGGGTAGTGCTCAGCCATAGTAAAAATTAG
pdc,"ATGCATAGTTATACTGTCGGTACCTATTTAGCGGAGCGGCTTGTCCAGATTGGTCTCAAGCATCACTTCGCAGTCGCGGGCGACTACAACCTCGTCCTTCTTGACAACCTGCTTTTGAACAAAAACATGGAGCAGGTTTATTGCTGTAACGAACTGAACTGCGGTTTCAGTGCAGAAGGTTATGCTCGTGCCAAAGGCGCAGCAGCAGCCGTCGTTACCTACAGCGTTGGTGCGCTTTCCGCATTTGATGCTATCGGTGGCGCCTATGCAGAAAACCTTCCGGTTATCCTGATCTCCGGTGCTCCGAACAACAACGACCACGCTGCTGGTCATGTGTTGCATCATGCTCTTGGCAAAACCGACTATCACTATCAGTTGGAAATGGCCAAGAACATCACGGCCGCCGCTGAAGCGATTTACACCCCGGAAGAAGCTCCGGCTAAAATCGATCACGTGATCAAAACTGCTCTTCGCGAGAAGAAGCCGGTTTATCTCGAAATCGCTTGCAACACTGCTTCCATGCCCTGCGCCGCTCCTGGACCGGCAAGTGCATTGTTCAATGACGAAGCCAGCGACGAAGCATCCTTGAATGCAGCGGTTGACGAAACCCTGAAATTCATCGCCAACCGCGACAAAGTTGCCGTCCTCGTCGGCAGCAAGCTGCGCGCTGCTGGTGCTGAAGAAGCTGCTGTTAAATTCACCGACGCTTTGGGCGGTGCAGTGGCTACTATGGCTGCTGCCAAGAGCTTCTTCCCAGAAGAAAATGCCAATTACATTGGTACCTCATGGGGCGAAGTCAGCTATCCGGGCGTTGAAAAGACGATGAAAGAAGCCGATGCGGTTATCGCTCTGGCTCCTGTCTTCAACGACTACTCCACCACTGGTTGGACGGATATCCCTGATCCTAAGAAACTGGTTCTCGCTGAACCGCGTTCTGTCGTTGTCAACGGCATTCGCTTCCCCAGCGTTCATCTGAAAGACTATCTGACCCGTTTGGCTCAGAAAGTTTCCAAGAAAACCGGTTCTTTGGACTTCTTCAAATCCCTCAATGCAGGTGAACTGAAGAAAGCCGCTCCGGCTGATCCGAGTGCTCCGTTGGTCAACGCAGAAATCGCCCGTCAGGTCGAAGCTCTTCTGACCCCGAACACGACGGTTATTGCTGAAACCGGTGACTCTTGGTTCAATGCTCAGCGCATGAAGCTCCCGAACGGTGCTCGCGTTGAATATGAAATGCAGTGGGGTCACATTGGTTGGTCCGTTCCTGCCGCCTTCGGTTATGCCGTCGGTGCTCC

GGAACGTCGCAACATCCTCATGGTTGGTGATGGTTCCTTCCAGCTGACGGCTCAGGAAGTTGCTCAGA
TGGTTCGCCTGAAACTGCCGGTTATCATCTTCTTGATCAATAACTATGGTTACACCATCGAAGTTATG
ATCCATGATGGTCCGTACAACAACATCAAGAACTGGGATTATGCCGGTCTGATGGAAGTGTTCAACGG
TAACGGTGGTTATGACAGCGGTGCTGCTAAAGGCCTGAAGGCTAAAACCGGTGGCGAACTGGCAGAAG
CTATCAAGGTTGCTCTGGCAAACACCGACGGCCCAACCCTGATCGAATGCTTCATCGGTCGTGAAGAC
TGCACTGAAGAATTGGTCAAATGGGGTAAGCGCGTTGCTGCCGCCAACAGCCGTAAGCCTGTTAACAA
GCTCCTCTAG"
PK,"ATGCATAAGAAAACCAAAATTGTGTGTACCATTGGTCCCGCCTCCGAAAGTGTGGATATGTTGGTGAACTTGATTAATGCCGGGATGAATGTGTGTCGCTTGAACTTTAGTCATGGTGATTACGAAGAACATGGGGCCCGGATTAAAAATATTCGCGAAGCCGTGAAAATTACCGGTAAACGCGTGGCCATTTTGTTAGATACCAAAGGGCCCGAAATTCGTACCAATGATATGGAAAATGGCGCCATTACCATGAAAATTGGTGATAGTGTGCGTATTTCCATGACCGAAGTGTTGGGCACCAATGAAAAATTTAGTATTACCTACCCCGAATTGATTAACGATGTGAATGTGGGGTCCCATATTTTGTTGGATGATGGCTTGATTGATTTAGAAGTGACCGATATTGATCGTGATGCCAATGAAATTGTGACCGTGGTGAAAAACGAAGGGGTGTTGAAAAACAAAAAAGGGGTGAATGTGCCCGGCGTGAGTGTGAATTTACCCGGCATTACCGAAAAAGATGCCAATGATATTCGGTTTGGGATTGGCCAAGGTATTGATTTTATTGCCGCCAGTTTTGTGCGTCGGGCCTCCGATGTGTTGGAAATTACCAAAATTTTGGAAGAAGAAAACGCCACCCATATTCAAATTATTCCCAAAATTGAAAACCAAGAAGGGATTGATAACATTGATGAAATTTTGAAAGTGTCCGATGGCTTAATGGTGGCCCGCGGGGATATGGGCGTGGAAATTCCCACCGAAGATGTGCCCGTGGTGCAAAAAGCCTTGATCAAAAAATGTAATGCCTTAGGTAAACCCGTGATTACCGCCACCCAAATGTTAGATAGTATGCAACGGAATCCCCGTCCCACCCGGGCCGA
AGCTAATGATGTGGCCAATGCCATTTATGATGGGACCGATGCCGTGATGTTGTCCGGTGAAACCGCCGCCGGGGATTATCCCTTAGAAGCCGTGCAAACCATGGCCCGCATTGCCGTGCGTACCGAAGAAACCTTGGTGAACCAAGATAGTTTTGCCTTGAAATTGTACTCCAAAACCGATATGACCGAAGCCATTGGCCAAAGTGTGGGTCATACCGCCCGGAATTTAGGCATTCAAACCATTGTGGCCGCCACCGAAAGTGGTCACACCGCCCGTATGATTTCCAAATATCGGCCCAAAGCCCATATTGTGGCCATTACCTTTTCCGAACAAAAAGCCCGCTCCTTGAGTTTATCCTGGGGTGTGTATGCCACCGTGGCCGATAAACCCTCCAGTACCGATGAAATGTTTAATTTGGCCAGTAAAGTGTCCCAAGAAGAAGGCTATGCCAGTGAGGGTGATTTGATTATTATTACCGCCGGCGTGCCCGTGGGTGAAAAAGGGACCACCAACTTGATGAAAATTCAAATGATTGGTTCCAAATTAGTGCAAGGGCAAGGCGTGGGTGAAGAAGCCATTATTGCTAAAGCTGTGGTGGCTGCTACCGCTGAAGAAGCCGTGGCCAAAGCCACCGAAGGCGCCATTTTGGTGACCAAAACCACCGATAAAGAATATATGCCCGCCATTGAAAAAGCCAGTGCCTTGGTGGTGGAAGAAGGCGGTTTAACCTCCCATGCTGCTGTGGTGGCTATTGCTCAAAATATTCCCGTGATTGTGGGTGCCGCCGATGCCACCTCCTTGATTAACAACGATGAAGTGATTACCGTGGATCCCCGTCGGGGGATTGTGTATCGGGGTGCCACCACCGCCATTTAA"
EYFP,ATGGTGAGCAAGGGCGAGGAGCTGTTCACCGGGGTGGTGCCCATCCTGGTCGAGCTGGACGGCGACGTAAACGGCCACAAGTTCAGCGTGTCCGGCGAGGGCGAGGGCGATGCCACCTACGGCAAGCTGACCCTGAAGTTCATCTGCACCACCGGCAAGCTGCCCGTGCCCTGGCCCACCCTCGTGACCACCTTCGGCTACGGCCTGCAGTGCTTCGCCCGCTACCCCGACCACATGAAGCAGCACGACTTCTTCAAGTCCGCCATGCCCGAAGGCTACGTCCAGGAGCGCACCATCTTCTTCAAGGACGACGGCAACTACAAGACCCGCGCCGAGGTGAAGTTCGAGGGCGACACCCTGGTGAACCGCATCGAGCTGAAGGGCATCGACTTCAAGGAGGACGGCAACATCCTGGGGCACAAGCTGGAGTACAACTACAACAGCCACAACGTCTATATCATGGCCGACAAGCAGAAGAACGGCATCAAGGTGAACTTCAAGATCCGCCACAACATCGAGGACGGCAGCGTGCAGCTCGCCGACCACTACCAGCAGAACACCCCCATCGGCGACGGCCCCGTGCTGCTGCCCGACAACCACTACCTGAGCTACCAGTCCGCCCTGAGCAAAGACCCCAACGAGAAGCGCGATCACATGGTCCTGCTGGAGTTCGTGACCGCCGCCGGGATCACTCTCGGCATGGACGAGCTGTACAAGTAA
sYFP2,"ATGGTGAGCAAGGGCGAGGAGCTGTTCACCGGGGTGGTGCCCATCCTGGTCGAGCTGGACGGCGACGTAAACGGCCACAAGTTCAGCGTGTCCGGCGAGGGCGAGGGCGATGCCACCTACGGCAAGCTGACCCTGAAGCTGATCTGCACCACCGGCAAGCTGCCCGTGCCCTGGCCCACCCTCGTGACCACCCTGGGCTACGGCGTGCAGTGCTTCGCCCGCTACCCCGACCACATGAAGCAGCACGACTTCTTCAAGTCCGCCATGCCCGAAGGCTACGTCCAGGAGCGCACCATCTTCTTCAAGGACGACGGCAACTACAAGACCCGCGCCGAGGTGAAGTTCGAGGGCGACACCCTGGTGAACCGCATCGAGCTGAAGGGCATCGACTTCAAGGAGGACGGCAACATCCTGGGGCACAAGCTGGAGTACAACTACAACAGCCACAACGTCTATATCACCGCCGACAAGCAGAAGAACGGCATCAAGGCCAACTTCAAGATCCGCCACAACATCGAGGACGGCGGCGTGCAGCTCGCCGACCACTACCAGCAGAACACCCCCATCGGCGACGGCCCCGTGCTGCTGCCCGACAACCACTACCTGAGCTACCAGTCCAAGCTGAGCAAAGACCCCAACGAGAAGCGCGATCACATGGTCCTGCTGGAGTTCGTGACCGCCGCCGGGATCACTCTCGGCATGGACGAGCTGTACAAGTAA
"
,
Term,Termseq
T1,ATTTGTCCTACTCAGGAGAGCGTTCACCGACAAACAACAGATAAAACGAAAGGCCCAGTCTTTCGACTGAGCCTTTCGTTTTATTTG
,
Backbones,
Backbone,Backboneseq
Lac2,"AAAACCTTTCGCGGTATGGCATGATAGCGCCCGGAAGAGAGTCAATTCAGGGTGGTGAATGTGAAACCAGTAACGTTATACGATGTCGCAGAGTATGCCGGTGTCTCTTATCAGACCGTTTCCCGCGTGGTGAACCAGGCCAGCCACGTTTCTGCGAAAACGCGGGAAAAAGTGGAAGCGGCGATGGCGGAGCTGAATTACATTCCCAACCGCGTGGCACAACAACTGGCGGGCAAACAGTCGTTGCTGATTGGCGTTGCCACCTCCAGTCTGGCCCTGCACGCGCCGTCGCAAATTGTCGCGGCGATTAAATCTCGCGCCGATCAACTGGGTGCCAGCGTGGTGGTGTCGATGGTAGAACGAAGCGGCGTCGAAGCCTGTAAAGCGGCGGTGCACAATCTTCTCGCGCAACGCGTCAGTGGGCTGATCATTAACTATCCGCTGGATGACCAGGATGCCATTGCTGTGGAAGCTGCCTGCACTAATGTTCCGGCGTTATTTCTTGATGTCTCTGACCAGACACCCATCAACAGTATTATTTTCTCCCATGAAGACGGTACGCGACTGGGCGTGGAGCATCTGGTCGCATTGGGTCACCAGCAAATCGCGCTGTTAGCGGGCCCATTAAGTTCTGTCTCGGCGCGTCTGCGTCTGGCTGGCTGGCATAAATATCTCACTCGCAATCAAATTCAGCCGATAGCGGAACGGGAAGGCGACTGGAGTGCCATGTCCGGTTTTCAACAAACCATGCAAATGCTGAATGAGGGCATCGTTCCCACTGCGATGCTGGTTGCCAACGA
TCAGATGGCGCTGGGCGCAATGCGCGCCATTACCGAGTCCGGGCTGCGCGTTGGTGCGGATATCTCGGTAGTGGGATACGACGATACCGAAGACAGCTCATGTTATATCCCGCCGTTAACCACCATCAAACAGGATTTTCGCCTGCTGGGGCAAACCAGCGTGGACCGCTTGCTGCAACTCTCTCAGGGCCAGGCGGTGAAGGGCAATCAGCTGTTGCCCGTCTCACTGGTGAAAAGAAAAACCACCCTGGCGCCCAATACGCAAACCGCCTCTCCCCGCGCGTTGGCCGATTCATTAATGCAGCTGGCACGACAGGTTTCCCGACTGGAAAGCGGGCAGTGAGCGCAACGCAATTAATACTAGCGAGCGGATACATATTTGAATGTATTTAGAAAAATAAACAAATAGGGGTTCCGCGCACATTTCCCCGAAAAGTGCCACCTGACGTCTAAGAAACCATTATTATCATGACATTAACCTATAAAAATAGGCGTATCACGAGGCCCTTTCGTCTTCACCTCGAGAAATTTATCAAAAAGAGTGTTGACTTGTGAGCGGATAACAATGATACTTAGATTCAATTGTGAGCGGATAACAATTTCACACAGAATTCATTAAAGACTAGTAAGGTACCCGGGGATCCTCTAGAGTCGACCTGCAGGCATGCAAGCTTGGCTGTTTTGGCGGATGAGAGAAGATTTTCAGCCTGATACAGATTAAATCAGAACGCAGAAGCGGTCTGATAAAACAGAATTTGCCTGGCGGCAGTAGCGCGGTGGTCCCACCTGACCCCATGCCG
AACTCAGAAGTGAAACGCCGTAGCGCCGATGGTAGTGTGGGGTCTCCCCATGCGAGAGTAGGGAACTGCCAGGCATCAAATAAAACGAAAGGCTCAGTCGAAAGACTGGGCCTTTCGTTTTATCTGTTGTTTGTCGGTGAACGCTCTCCTGAGTAGGACAAATCCGCCGGGAGCGGATTTGAACGTTGCGAAGCAACGGCCCGGAGGGTGGCGGGCAGGACGCCCGCCATAAACTGCCAGGCATCAAATTAAGCAGAAGGCCATCCTGACGGATGGCCTTTTTGCGTTTCTACAAACTCTTTTGTTTATTTTTCTAAATACATTCAAATATGTATCCGCTCCTAGGGGATCCCATGGTACGCTAGCTGAAAGCGACCAGGTGCTCGGCGTGGCAAGACTCGCAGCGAACCCGTAGAAAGCCATGCTCCAGCCGCCCGCATTGGAGAAATTCTTCAAATTCCCGTTGCACATAGCCCGGCAATTCCTTTCCCTGCTCTGCCATAAGCGCAGCGAATGCCGGGTAATACTCGTCAACGATCTGATAGAGAAGGGTTTGCTCGGGTCGGTGGCTCTGGTAACGACCAGTATCCCGATCCCGGCTGGCCGTCCTGGCCGCCACATGAGGCATGTTCCGCGTCCTTGCAATACTGTGTTTACATACAGTCTATCGCTTAGCGGAAAGTTCTTTTACCCTCAGCCGAAATGCCTGCCGTTGCTAGACATTGCCAGCCAGTGCCCGTCACTCCCGTACTAACTGTCACGAACCCCTGCAATAACTGTCACGCCCCCCTGCAATAACT
GTCACGAACCCCTGCAATAACTGTCACGCCCCCAAACCTGCAAACCCAGCAGGGGCGGGGGCTGGCGGGGTGTTGGAAAAATCCATCCATGATTATCTAAGAATAATCCACTAGGCGCGGTTATCAGCGCCCTTGTGGGGCGCTGCTGCCCTTGCCCAATATGCCCGGCCAGAGGCCGGATAGCTGGTCTATTCGCTGCGCTAGGCTACACACCGCCCCACCGCTGCGCGGCAGGGGGAAAGGCGGGCAAAGCCCGCTAAACCCCACACCAAACCCCGCAGAAATACGCTGGAGCGCTTTTAGCCGCTTTAGCGGCCTTTCCCCCTACCCGAAGGGTGGGGGCGCGTGTGCAGCCCCGCAGGGCCTGTCTCGGTCGATCATTCAGCCCGGCTCATCCTTCTGGCGTGGCGGCAGACCGAACAAGGCGCGGTCGTGGTCGCGTTCAAGGTACGCATCCATTGCCGCCATGAGCCGATCCTCCGGCCACTCGCTGCTGTTCACCTTGGCCAAAATCATGGCCCCCACCAGCACCTTGCGCCTTGTTTCGTTCTTGCGCTCTTGCTGCTGTTCCCTTGCCCGCACCCGCTGAATTTCGGCATTGATTCGCGCTCGTTGTTCTTCGAGCTTGGCCAGCCGATCCGCCGCCTTGTTGCTCCCCTTAACCATCTTGACACCCCATTGTTAATGTGCTGTCTCGTAGGCTATCATGGAGGCACAGCGGCGGCAATCCCGACCCTACTTTGTAGGGGAGGGCGCACTTACCGGTTTCTCTTCGAGAAACTGGCCTAACGGCCACCCTTCGGGCGGTGCGCTCTCCGAGGGCCATTGCATGGAGCCGAAAAGCAAAAGCAACAGCGAGGCAGCATGGCGATTTATCACCTTACGGCGAAAACCGGCAGCAGGTCGGGCGGCCAATCGGCCAGGGCCAAGGCCGACTACATCCAGCGCGAAGGCAAGTATGCCCGCGACATGGATGAAGTCTTGCACGCCGAATCCGGGCACATGCCGGAGTTCGTCGAGCGGCCCGCCGACTACTGGGATGCTGCCGACCTGTATGAACGCGCCAATGGGCGGCTGTTCAAGGAGGTCGAATTTGCCCTGCCGGTCGAGCTGACCCTCGACCAGCAGAAGGCGCTGGCGTCCGAGTTCGCCCAGCACCTGACCGGTGCCGAGCGCCTGCCGTATACGCTGGCCATCCATGCCGGTGGCGGCGAGAACCCGCACTGCCACCTGATGATCTCCGAGCGGATCAATGACGGCATCGAGCGGCCCGCCGCTCAGTGGTTCAAGCGGTACAACGGCAAGACCCCGGAGAAGGGCGGGGCACAGAAGACCGAAGCGCTCAAGCCCAAGGCATGGC
TTGAGCAGACCCGCGAGGCATGGGCCGACCATGCCAACCGGGCATTAGAGCGGGCTGGCCACGACGCCCGCATTGACCACAGAACACTTGAGGCGCAGGGCATCGAGCGCCTGCCCGGTGTTCACCTGGGGCCGAACGTGGTGGAGATGGAAGGCCGGGGCATCCGCACCGACCGGGCAGACGTGGCCCTGAACATCGACACCGCCAACGCCCAGATCATCGACTTACAGGAATACCGGGAGGCAATAGACCATGAACGCAATCGACAGAGTGAAGAAATCCAGAGGCATCAACGAGTTAGCGGAGCAGATCGAACCGCTGGCCCAGAGCATGGCGACACTGGCCGACGAAGCCCGGCAGGTCATGAGCCAGACCCAGCAGGCCAGCGAGGCGCAGGCGCGGAGTGGCTGAAAGCCCAGCGCCAGACAGGGGCGGCATGGGTGGAGCTGGCCAAAGAGTTGCGGGAGGTAGCCGCCGAGGTGAGCAGCGCCGCGCAGAGCGCCCGGAGCGCGTCGCGGGGGTGGCACTGGAAGCTATGGCTAACCGTGATGCTGGCTTCCATGATGCCTACGGTGGTGCTGCTGATCGCATCGTTGCTCTTGCTCGACCTGACGCCACTGACAACCGAGGACGGCTCGATCTGGCTGCGCTTGGTGGCCCGATGAAGAACGACAGGACTTTGCAGGCCATAGGCCGACAGCTCAAGGCCATGGGCTGTGAGCGCTTCGATATCGGCGTCAGGGACGCCACCACCGGCCAGATGATGAACCGGGAATGGTCAGCCGCCGAAGTGCTCCAGAACACGCCATGGCTCAAGCGGATGAATGCCCAGGGCAATGACGTGTATATCAGGCCCGCCGAGCAGGAGCGGCATGGTCTGGTGCTGGTGGACGACCTCAGCGAGTTTGACCTGGATGACATGAAAGCCGAGGGCCGGGAGCCTGCCCTGGTAGTGGAAACCAGCCCGAAGAACTATCAGGCATGGGTCAAGGTGGCCGACGCCGCAGGCGGTGAACTTCGGGGGCAGATTGCCCGGACGCTGGCCAGCGAGTACGACGCCGACCCGGCCAGCGCCGACAGCCGCCACTATGGCCGCTTGGCGGGCTTCACCAACCGCAAGGACAAGCACACCACCCGCGCCGGTTATCAGCCGTGGGTGCTGCTGCGTGAATCCAAGGGCAAGACCGCCACCGCTGGCCCGGCGCTGGTGCAGCAGGCTGGCCAGCAGATCGAGCAGGCCCAGCGGCAGCAGGAGAAGGCCCGCAGGCTGGCCAGCCTCGAACTGCCCGAGCGGCAGCTTAGCCGCCACCGGCGCACGGCGCTGGACGAGTACCGCAGCGAGATGGCCGGGCTGGTCAAGCGCTTCGGTGATGACCTCAGCAAGTGCGACTTTATCGCCGCGCAGAAGCTGGCCAGCCGGGGCCGCAGTGCCGAGGAAATCGGCAAGGCCATGGCCGAGGCCAGCCCAGCGCTGGCAGAGCGCAAGCCCGGCCACGAAGCGGATTACATCGAGCGCACCGTCAGCAAGGTCATGGGTCTGCCCAGCGTCCAGCTTGCGCGGGCCGAGCTGGCACGGGCACCGGCACCCCGCCAGCGAGGCATGGACAGGGGCGGGCCAGATTTCAGCATGTAGTGCTTGCGTTGGTACTCACGCCTGTTATACTATGAGTACTCACGCACAGAAGGGGGTTTTATGGAATACGAAAAAAGCGCTTCAGGGTCGGTCTACCTGATCAAAAGTGACAAGGGCTATTGGTTGCCCGGTGGCTTTGGTTATACGTCAAACAAGGCCGAGGCTGGCCGCTTTTCAGTCGCTGATATGGCCAGCCTTAACCTTGACGGCTGCACCTTGTCCTTGTTCCGCGAAGACAAGCCTTTCGGCCCCGGCAAGTTTCTCGGTGACTGATATGAAAGACCAAAAGGACAAGCAGACCGGCGACCTGCTGGCCAGCCCTGACGCTGTACGCCAAGCGCGATATGCCGAGCGCATGAAGGCCAAAGGGATGCGTCAGCGCAAGTTCTGGCTGACCGACGACGAATACGAGGCGCTGCGCGAGTGCCTGGAAGAACTCAGAGCGGCGCAGGGCGGGGGTAGTGACCCCGCCAGCGCCTAACCACCAACTGCCTGCAAAGGAGGCAATCAATGGCTACCCATAAGCCTATCAATATTCTGGAGGCGTTCGCAGCAGCGCCGCCACCGCTGGACTACGTTTTGCCCAACATGGTGGCCGGTACGGTCGGGGCGCTGGTGTCGCCCGGTGGTGCCGGTAAATCCATGCTGGCCCTGCAACTGGCCGCACAGATTGCAGGCGGGCCGGATCTGCTGGAGGTGGGCGAACTGCCCACCGGCCCGGTGATCTACCTGCCCGCCGAAGACCCGCCCACCGCCATTCATCACCGCCTGCACGCCCTTGGGGCGCACCTCAGCGCCGAGGAACGGCAAGCCGTGGCTGACGGCCTGCTGATCCAGCCGCTGATCGGCAGCCTGCCCAACATCATGGCCCCGGAGTGGTTCGACGGCCTCAAGCGCGCCGCCGAGGGCCGCCGCCTGATGGTGCTGGACACGCTGCGCCGGTTCCACATCGAGGAAGAAAACGCCAGCGGCCCCATGGCCCAGGTCATCGGTCGCATGGAGGCCATCGCCGCCGATACCGGGTGCTCTATCGTGTTCCTGCACCATGCCAGCAAGGGCGCGGCCATGATGGGCGCAGGCGACCAGCAGCAGGCCAGCCGGGGCAGCTCGGTACTGGTCGATAACATCCGCTGGCAGTCCTACCTGTCGAGCATGACCAGCGCCGAGGCCGAGGAATGGGGTGTGGACGACGACCAGCGCCGGTTCTTCGTCCGCTTCGGTGTGAGCAAGGCCAACTATGGCGCACCGTTCGCTGATCGGTGGTTCAGGCGGCATGACGGCGGGGTGCTCAAGCCCGCCGTGCTGGAGAGGCAGCGCAAGAGCAAGGGGGTGCCCCGTGGTGAAGCCTAAGAACAAGCACAGCCTCAGCCACGTCCGGCACGACCCGGCGCACTGTCTGGCCCCCGGCCTGTTCCGTGCCCTCAAGCGGGGCGAGCGCAAGCGCAGCAAGCTGGACGTGACGTATGACTACGGCGACGGCAAGCGGATCGAGTTCAGCGGCCCGGAGCCGCTGGGCGCTGATGATCTGCGCATCCTGCAAGGGCTGGTGGCCATGGCTGGGCCTAATGGCCTAGTGCTTGGCCCGGAACCCAAGACCGAAGGCGGACGGCAGCTCCGGCTGTTCCTGGAACCCAAGTGGGAGGCCGTCACCGCTGATGCCATGGTGGTCAAAGGTAGCTATCGGGCGCTGGCAAAGGAAATCGGGGCAGAGGTCGATAGTGGTGGGGCGCTCAAGCACATACAGGACTGCATCGAGCGCCTTTGGAAGGTATCCATCATCGCCCAGAATGGCCGCAAGCGGCAGGGGTTTCGGCTGCTGTCGGAGTACGCCAGCGACGAGGCGGACGGGCGCCTGTACGTGGCCCTGAACCCCTTGATCGCGCAGGCCGTCATGGGTGGCGGCCAGCATGTGCGCATCAGCATGGACGAGGTGCGGGCGCTGGACAGCGAAACCGCCCGCCTGCTGCACCAGCGGCTGTGTGGCTGGATCGACCCCGGCAAAACCGGCAAGGCTTCCATAGATACCTTGTGCGGCTATGTCTGGCCGTCAGAGGCCAGTGGTTCGACCATGCGCAAGCGCCGCCAGCGGGTGCGCGAGGCGTTGCCGGAGCTGGTCGCGCTGGGCTGGACGGTAACCGAGTTCGCGGCGGGCAAGTACGACATCACCCGGCCCAAGGCGGCAGGCTGACCCCCCCCACTCTATTGTAAACAAGACATTTTTATCTTTTATATTCAATGGCTTATTTTCCTGCTAATTGGTAATACCATGAAAAATACCATGCTCAGAAAAGGCTTAACAATATTTTGAAAAATTGCCTACTGAGCGCTGCCGCACAGCTCCATAGGCCGCTTTCCTGGCTTTGCTTCCAGATGTATGCTCTTCTGCTCCTGCCGGCCGACTGTCCCTAGTGCTTGGATTCTCACCAATAAAAAACGCCCGGCGGCAACCGAGCGTTCTGAACAAATCCAGATGGAGTTCTGAGGTCATTACTGGATCTATCAACAGGAGTCCAAGCGAGCTCGATATCCGTCGGCTTGAACGAATTGTTAGACATTATTTGCCGACTACCTTGGTGATCTCGCCTTTCACGTAGTGGACAAATTCTTCCAACTGATCTGCGCGCGAGGCCAAGCGATCTTCTTCTTGTCCAAGATAAGCCTGTCTAGCTTCAAGTATGACGGGCTGATACTGGGCCGGCAGGCGCTCCATTGCCCAGTCGGCAGCGACATCCTTCGGCGCGATTTTGCCGGTTACTGCGCTGTACCAAATGCGGGACAACGTAAGCACTACATTTCGCTCATCGCCAGCCCAGTCGGGCGGCGAGTTCCATAGCGTTAAGGTTTCATTTAGCGCCTCAAATAGATCCTGTTCAGGAACCGGATCAAAGAGTTCCTCCGCCGCTGGACCTACCAAGGCAACGCTATGTTCTCTTGCTTTTGTCAGCAAGATAGCCAGATCAATGTCGATCGTGGCTGGCTCGAAGATACCTGCAAGAATGTCATTGCGCTGCCATTCTCCAAATTGCAGTTCGCGCTTAGCTGGATAACGCCACGGAATGATGTCGTCGTGCACAACAATGGTGACTTCTACAGCGCGGAGAATCTCGCTCTCTCCAGGGGAAGCCGAAGTTTCCAAAAGGTCGTTGATCAAAGCTCGCCGCGTTGTTTCATCAAGCCTTACGGTCACCGTAACCAGCAAATCAATATCACTGTGTGGCTTCAGGCCGCCATCCACTGCGGAGCCGT
ACAAATGTACGGCCAGCAACGTCGGTTCGAGATGGCGCTCGATGACGCCAACTACCTCTGATAGTTGAGTCGATACTTCGGCGATCACCGCTTCCCTCATGATGTTTAACTTTGTTTTAGGGCGACTGCCCTGCTGCGTAACATCGTTGCTGCTCCATAACATCAAACATCGACCCACGGCGTAACGCGCTTGCTGCTTGGATGCCCGAGGCATAGACTGTACCCCAAAAAAACAGTCATAACAAGCCATGAAAACCGCCACTGCGCCGTTACCACCGCTGCGTTCGGTCAAGGTTCTGGACCAGTTGCGTGAGCGCATACGCTACTTGCATTACAGCTTACGAACCGAACAGGCTTATGTCCACTGGGTTCGTGTGTACACTCCCGGCATCCGCTTACAGACAAGCTGTGACCGTCTCCGGGAGCTGCATGTGTCAGAGGTTTTCACCGTCATCACCGAAACGCGCGAGGCAGCAGATCAATTCGCGCGCGAAGGCGAAGCGGCATGCATTTACGTTGACACCATCGAATGGTGC"
,
Antibiotic Resistance Cassettes,"
"
AntibioticRes,AntibioticResseq
